vis,tag
1,Ability
0,Abortion
1,Abroad
1,Abstinence
1,Abundance
1,Abuse
1,Academics
1,Acceptance
1,Accidents
1,Achievement
1,Acknowledgement
1,Act
1,Action
1,Addiction
0,Adultery
1,Adventure
1,Adversity
1,Advice
1,Affection
1,Afraid
1,After Death
1,Afterlife
1,Air
1,Alcohol
0,Alcoholism
1,Allness
1,All-seeing
1,Alone
0,Also Tab
1,Ambition
1,Ancestor
1,Angels
1,Anger
0,Anorexia
1,Answers
1,Anxiety
1,Appetite
1,Approval
1,Arbitration
1,Architect
1,Arguments
1,Art
1,Artist
1,Arts
1,Ask
1,Assault
1,Assurance
1,Astrology
1,Atmosphere
1,At-one
1,Atonement
1,Attraction
1,Author
1,Authority
1,Awareness
1,Awe
1,Baptism
1,Beauty
1,Beer
1,Being
1,Belief
1,Believe
1,Betrayal
1,Bible
1,Birth
0,Bixexual
1,Blessings
1,Blood
1,Body
1,Body Image
1,Bones
1,Boss
1,Bosses
1,Bounty
1,Brain
1,Break-ups
1,Broken
1,Brother
1,Brotherhood
0,Bulimia
1,Bully
1,Bullying
0,Caffeine
1,Calm
1,Capability
1,Capable
1,Career
1,Caretaking
1,Caring
1,Celebrate
1,Celebrity
1,Challenges
1,Change
1,Character
1,Charity
1,Charm
1,Cheating
1,Cheer
1,Child
1,Children
1,Choice Life
1,Choices
1,Christ
1,Christian
1,Christian Science
1,Church
1,Citizen
1,Clarity
1,Clash
1,Clash Assault
1,Clean
1,Cleanse
1,Climate
1,Climate Change
1,Cliques
1,Clothes
1,College
1,Color
1,Comfort
1,Commitment
1,Communication
1,Community
1,Companions
1,Companionship
1,Comparison
1,Compassion
1,Competition
1,Completeness
1,Compromise
0,Compulsive Eating
1,Confidence
1,Conflict
1,Conflict Resolution
1,Confusion
1,Connection
1,Consciousness
1,Contagion
1,Contagious
1,Contation
1,Control
1,Conviction
1,Courage
1,Coveting
1,Co-workers
1,Cravings
1,Create
1,Creation
1,Creative
1,Creativity
1,Creator
1,Cripple
1,Crises
1,Crisis
1,Criticism
1,Crowd Mentality
1,Culture
1,Cursing
0,Cutting
1,Dance
1,Danger
1,Dark
1,Darkness
0,Date Rape
1,Dating
1,Daughter
1,Death
1,Deathless
1,Debt
1,Debts
1,Decisions
1,Defence
1,Demon
1,Demonstration
1,Dependability
1,Dependence
1,Depression
1,Depth
1,Desire
1,Despair
1,Desperate
1,Destination
1,Destruction
1,Determination
0,Devil
0,Devil Worship
1,Dictator
1,Didication
1,Diet
0,Dieting
1,Difference
1,Different
1,Diligence
1,Dirction
1,Direction
1,Direction Decisions
1,Disaster
1,Discipleship
1,Discipline
1,Discord
1,Discouragement
1,Disease
1,Divine Love
1,Divinity
1,Divorce
1,Doctor
1,Dominion
1,Doubt
1,Dream
0,Dreams
1,Drinking
1,Drought
0,Drug
1,Drugs
1,Drunk
1,Duality
1,Ears
1,Earth
1,Earthquake
1,Eath
1,Eating
0,Eating Disorder
1,Education
1,Efficiency
1,Ego
1,Empathy
1,Endurance
1,Enemies
1,Enemy
1,Energy
1,Envy
1,Equality
1,Eternal
1,Eternal Life
1,Eternity
1,Eutychus
1,Evil
1,Exams
1,Expression
1,Expressive
1,Eyes
1,Failure
1,Faint
1,Fair
1,Faith
1,Faithful
1,Faithfulness
1,Falsity
1,Fame
1,Family
1,Fashion
1,Fasting
1,Father
1,Fear
1,Feel
1,Feelings
1,Feelings Afraid
1,Feet
1,Fellowship
1,Female
1,Feminine
1,Fever
1,Fighting
1,Flaw
1,Flaws
1,Flesh
1,Flood
1,Flower
1,Flu
0,Flunking
1,Flying
1,Focus
1,Follow
1,Food
1,Foreign
1,Forgive
1,Forgiveness
1,Form
1,Form Outline
1,Foundation
1,Fracture
1,Free
1,Freedom
1,Friends
1,Friendship
1,Fruit
1,Fruitage
1,Frustration
1,Full
1,Future
0,Gangs
0,Gay
0,Gay Marriage
0,Gay Rights
1,Gender
1,Generosity
0,Getting Drunk
0,Ghosts
1,Gift
1,Gifts
1,Giving
1,Global Warming
1,Glorify God
1,Glory
1,Goal
1,God
1,Golden Rule
1,Good
1,Goodness
1,Good Tidings
1,Gospel
1,Gossip
1,Govern
1,Government
1,Grace
1,Grades
1,Gratitude
1,Grief
1,Grow
1,Growth
1,Grudge
1,Guest
1,Guidance
1,Guide
1,Guilt
1,Hand
1,Happiness
1,Happy
1,Harmony
1,Hate
1,Hatred
1,Hazards
1,Heal
1,Healing
1,Health
1,Heart
1,Heath
1,Heaven
1,Help
1,Heredity
1,Holiness
1,Holy Spirit
1,Home
1,Homeless
1,Homelessness
1,Honesty
1,Hope
1,Horror
1,Host
1,House
1,Humanity
1,Humility
1,Humor
1,Hurricane
1,Hurt
1,Hurting
1,Husband
1,Idea
1,Ideas
1,Identity
1,Idols
1,Idos
1,Illusion
1,Image
1,Image And Likeness
1,Immoral
1,Immortal
1,Immortality
1,Immunity
1,Improvisation
1,Individuality
1,Indulge
0,Infidelity
1,Infinite
1,Infinity
1,Inflammation
1,Influence
1,Inheritance
1,Injured
1,Injury
1,Innocence
1,Innovation
1,Inspiration
1,Intact
1,Intelligence
1,Interfaith
1,Intuitions
1,Jealousy
1,Jesus
1,Jesus Christ
1,Job
1,Jobs
1,Joy
1,Judge
1,Judgement
1,Justice
1,Knowledge
1,Labor
1,Lack
1,Language
1,Lasting
1,Laugh
1,Law
1,Laws
1,Leadership
1,Learning
0,Lesbian
0,Lgtb
1,Liar
1,Lie
1,Lies
1,Life
1,Light
1,Likeness
1,Limitation
1,Listen
1,Listening
1,Live
1,Loneliness
1,Lonely
1,Longing
1,Looks
1,Losing
1,Loss
1,Lost
1,Love
1,Loving
1,Loyal
1,Loyalty
0,Lust
0,Lying
1,Magic
1,Maker
1,Male
1,Man
1,Manhood
0,Manipulating
0,Manipulation
1,Mankind
1,Marriage
1,Mary Baker Eddy
1,Masculine
1,Materialism
1,Materiality
1,Matter
1,Mature
1,Me
1,Media
1,Medicine
1,Meekness
1,Melody
1,Memory
1,Mental Health
1,Mercy
1,Message
1,Military
1,Mind
1,Mindfulness
1,Miracle
1,Mirror
1,Mission
1,Model
1,Moeny
1,Molecule
1,Money
1,Moody
1,Moral
1,Morality
1,Moral Strength
1,Morning
1,Mother
1,Motivation
1,Motives
1,Mourn
1,Movement
0,Murder
1,Muscles
1,Music
1,Myth
1,Nature
1,Need
1,Needs
1,Neighbor
1,Newness
0,Nightmares
1,Obedience
1,Obsession
1,Obstacles
1,Omnipotence
1,Omnipresence
1,Omnipresent
1,Omniscience
1,Oneness
1,Operation
1,Opinion
1,Opportunity
1,Options
1,Organs
1,Origin
1,Originality
1,Overcoming Death
1,Overwhelmed
1,Owing
1,Pain
1,Panic
1,Papers
1,Parents
1,Passion
1,Past
1,Path
1,Patience
1,Paul
1,Peace
1,Peer Pressure
1,Perfect
1,Perfection
1,Perfect Model
1,Performance
1,Permenance
1,Perseverance
1,Persistence
1,Perspective
1,Petition
1,Pharmacy
0,Physical Abuse
1,Physician
1,Physics
1,Pity
1,Place
1,Plan
1,Plans
1,Pleasure
1,Pollution
1,Poor
1,Pop Culture
1,Pop Cutlure
1,Popular
1,Popularity
0,Porn
1,Pornography
1,Possession
1,Possible
1,Potter
1,Poverty
1,Power
1,Practical
1,Praise
1,Pray
1,Prayer
1,Preach
1,Precious
1,Pregnancy
0,Prejudice
0,Premarital Sex
1,Presence
1,Present
1,Preserve
1,Pressure
1,Pretty
1,Pride
1,Priority
1,Prisoners
1,Probation
1,Proclaim
1,Procrastination
1,Progress
1,Proof
1,Prosperity
1,Protection
0,Puberty
1,Punishment
1,Pure
0,Purging
1,Purification
1,Purity
1,Purpose
1,Purpose. Diversity
1,Questions
1,Race
1,Raise The Dead
1,Rape
1,Real
1,Reality
1,Redemption
1,Reflect
1,Reflection
1,Refresh
1,Refuge
1,Regeneration
1,Relationships
1,Reliance
1,Religion
1,Renew
1,Renewal
1,Resentment
1,Resistance
1,Resources
1,Responsive
1,Rest
1,Restraint
1,Resurrection
1,Revenge
1,Reward
1,Rhythm
1,Rich
1,Right
1,Righteousness
1,Rights
1,Rivalry
1,Rumors
1,Running
1,Sacrifice
1,Sad
1,Sadness
1,Safety
1,Salvation
1,Satisfaction
1,Savior
1,Scared
1,School
1,Science
1,Secret
1,Security
1,See
1,Seeing
1,Seeking
1,Self
1,Self-assurance
1,Self-doubt
1,Self-hate
1,Self Image
1,Selfish
1,Selfishness
1,Self-knowledge
1,Self-less
1,Selflessness
0,Self-mutilation
1,Self Worth
1,Self-worth
1,Sense
1,Senses
1,Sensitivity
1,Serve
1,Service
0,Sex
1,Shameful
1,Shape
1,Sharing
1,Sheep
1,Shelter
1,Shepherd
0,Shop-lifting
1,Siblings
1,Sick
1,Sickness
0,Signs
1,Sin
1,Sincerity
1,Skin
1,Slaves
1,Sleep
1,Smart
0,Smoking
1,Snakes
1,Social Justice
1,Son
1,Sorrow
1,Sos
1,Soul
1,Source
1,Space
1,Speak
1,Speaking
1,Spirit
1,Spiritual
1,Spiritual Affection
1,Spiritual Growth
1,Spirituality
1,Spiritualization
1,Spiritual Knowledge
1,Spiritual Law
1,Spiritual Models
1,Spiritual Substance
1,Sports
1,Sprain
1,Stability
1,Stabl
1,Stable
1,Start
1,Status
1,Status. Friends
0,Stealing
1,Steps
0,Steroids
1,Still
1,Stillness
1,Storm
1,Stranger
1,Strength
1,Stress
1,Student
1,Study
1,Style
1,Substance
1,Substance Abuse
1,Success
1,Suffering
0,Suicide
1,Supernatural
1,Supply
1,Support
1,Swearing
1,Swollen
1,Symptoms
1,Talent
1,Teachers
1,Teaching
1,Team
1,Teamwork
1,Temper
1,Temple
1,Temptation
1,Tenderness
1,Terrorism
1,Tests
1,Thanks
1,Theology
1,The Way
1,Think
1,Thought
1,Time
1,Tired
1,Tomorrow
1,Tone
1,Tornado
1,Tough Stuff
1,Tough Times
1,Touring
1,Tradition
1,Tragedy
1,Training
0,Tramsgemder. Bi
0,Transgender
0,Transsexual
1,Trap
1,Travel
1,Treasure
1,Trips
1,Trouble
1,True
1,Trust
1,Truth
1,Tsunami
1,Tunes
1,Tyranny
1,Ugly
1,Uncertain
1,Understanding
1,Unending
1,Unfoldment
1,Unique
1,Uniqueness
1,Uniqueness Path
1,Unity
1,Universal
1,Universe
1,Unlimited
1,Unreality
1,Upright
1,Vacation
1,Vain
1,Value
1,Vanity
1,Victim
1,Victory
1,View
1,Violence
1,Vision
1,Walking
1,Want
1,War
1,Washing
1,Watch
1,Waves
1,Way Shower
1,Weakness
1,Wealth
1,Weather Extremes
1,Weight
1,Whole
1,Willfulness
1,Wind
1,Winning
1,Wisdom
1,Wizards
1,Woman
1,Womanhood
1,Word
1,Work
1,World
1,World Cultures
1,World Peace
1,Worry
1,Worship
1,Worth
1,Wound
1,Yearning